<?xml version="1.0" encoding="UTF-8"?>
<package id="1" uuid="49b231a3-7739-4314-a705-b9f23f38f40c">
  <dateCreated id="2">2019-07-17 07:32:33</dateCreated>
  <name>VisitTypes</name>
  <description>VisitTypes for past dates.</description>
  <openmrsVersion>2.1.1  Build 725db5</openmrsVersion>
  <version>1</version>
  <groupUuid>90e1ffe2-9b76-410b-8a73-a78855bfb1a7</groupUuid>
  <modules id="3">
    <entry>
      <string>calculation</string>
      <string>1.2</string>
    </entry>
    <entry>
      <string>legacyui</string>
      <string>1.3.3</string>
    </entry>
    <entry>
      <string>metadatasharing</string>
      <string>1.2.2</string>
    </entry>
    <entry>
      <string>elisatomfeedclient</string>
      <string>0.91-SNAPSHOT</string>
    </entry>
    <entry>
      <string>bedmanagement</string>
      <string>5.10.0</string>
    </entry>
    <entry>
      <string>providermanagement</string>
      <string>2.5.0</string>
    </entry>
    <entry>
      <string>bacteriology</string>
      <string>1.1</string>
    </entry>
    <entry>
      <string>htmlwidgets</string>
      <string>1.8.0</string>
    </entry>
    <entry>
      <string>reference-data</string>
      <string>0.91-SNAPSHOT</string>
    </entry>
    <entry>
      <string>operationtheater</string>
      <string>1.2.1</string>
    </entry>
    <entry>
      <string>addresshierarchy</string>
      <string>2.12.0-SNAPSHOT</string>
    </entry>
    <entry>
      <string>reportingrest</string>
      <string>1.10.0</string>
    </entry>
    <entry>
      <string>uiframework</string>
      <string>3.8</string>
    </entry>
    <entry>
      <string>rulesengine</string>
      <string>0.91-SNAPSHOT</string>
    </entry>
    <entry>
      <string>idgen-webservices</string>
      <string>1.2-SNAPSHOT</string>
    </entry>
    <entry>
      <string>event</string>
      <string>2.5</string>
    </entry>
    <entry>
      <string>uicommons</string>
      <string>2.0</string>
    </entry>
    <entry>
      <string>reporting</string>
      <string>1.16.0</string>
    </entry>
    <entry>
      <string>emrapi</string>
      <string>1.28.0-SNAPSHOT</string>
    </entry>
    <entry>
      <string>episodes</string>
      <string>1.0-SNAPSHOT</string>
    </entry>
    <entry>
      <string>appointments</string>
      <string>1.1-SNAPSHOT</string>
    </entry>
    <entry>
      <string>idgen</string>
      <string>4.4.1</string>
    </entry>
    <entry>
      <string>auditlog</string>
      <string>1.1-SNAPSHOT</string>
    </entry>
    <entry>
      <string>bahmnicore</string>
      <string>0.91-SNAPSHOT</string>
    </entry>
    <entry>
      <string>uilibrary</string>
      <string>2.0.5</string>
    </entry>
    <entry>
      <string>initializer</string>
      <string>1.2.0-SNAPSHOT</string>
    </entry>
    <entry>
      <string>appframework</string>
      <string>2.10.0</string>
    </entry>
    <entry>
      <string>webservices.rest</string>
      <string>2.25.0-SNAPSHOT.193a64</string>
    </entry>
    <entry>
      <string>openmrs-atomfeed</string>
      <string>2.5.6</string>
    </entry>
    <entry>
      <string>owa</string>
      <string>1.9.0</string>
    </entry>
    <entry>
      <string>metadatamapping</string>
      <string>1.3.1</string>
    </entry>
    <entry>
      <string>bahmni.ie.apps</string>
      <string>0.91-SNAPSHOT</string>
    </entry>
    <entry>
      <string>serialization.xstream</string>
      <string>0.2.12</string>
    </entry>
  </modules>
  <items class="linked-hash-set" id="4">
    <org.openmrs.module.metadatasharing.Item id="5" uuid="4893987e-15df-4f9a-9818-640f1c42cbaf">
      <id>11</id>
      <classname>org.openmrs.VisitType</classname>
      <dateChanged id="6">2019-06-06 18:55:41</dateChanged>
      <retired>false</retired>
    </org.openmrs.module.metadatasharing.Item>
    <org.openmrs.module.metadatasharing.Item id="7" uuid="7c5e250c-239b-4461-a929-05d721924e8f">
      <id>12</id>
      <classname>org.openmrs.VisitType</classname>
      <dateChanged id="8">2019-06-06 18:55:41</dateChanged>
      <retired>false</retired>
    </org.openmrs.module.metadatasharing.Item>
    <org.openmrs.module.metadatasharing.Item id="9" uuid="7d3cb7af-84d7-44a9-a0ab-034d958720d9">
      <id>9</id>
      <classname>org.openmrs.VisitType</classname>
      <dateChanged id="10">2019-06-06 18:55:41</dateChanged>
      <retired>false</retired>
    </org.openmrs.module.metadatasharing.Item>
    <org.openmrs.module.metadatasharing.Item id="11" uuid="b9cb32c9-3f12-11e4-adec-0800271c1b75">
      <id>7</id>
      <classname>org.openmrs.VisitType</classname>
      <dateChanged id="12">2019-06-06 18:55:41</dateChanged>
      <retired>true</retired>
    </org.openmrs.module.metadatasharing.Item>
    <org.openmrs.module.metadatasharing.Item id="13" uuid="bef32e14-3f12-11e4-adec-0800271c1b75">
      <id>8</id>
      <classname>org.openmrs.VisitType</classname>
      <dateChanged id="14">2019-06-06 18:55:41</dateChanged>
      <retired>true</retired>
    </org.openmrs.module.metadatasharing.Item>
    <org.openmrs.module.metadatasharing.Item id="15" uuid="c228eab1-3f10-11e4-adec-0800271c1b75">
      <id>3</id>
      <classname>org.openmrs.VisitType</classname>
      <dateChanged id="16">2019-06-06 18:55:41</dateChanged>
      <retired>true</retired>
    </org.openmrs.module.metadatasharing.Item>
    <org.openmrs.module.metadatasharing.Item id="17" uuid="c22a5000-3f10-11e4-adec-0800271c1b75">
      <id>4</id>
      <classname>org.openmrs.VisitType</classname>
      <dateChanged id="18">2019-06-06 18:55:41</dateChanged>
      <retired>true</retired>
    </org.openmrs.module.metadatasharing.Item>
    <org.openmrs.module.metadatasharing.Item id="19" uuid="c23d6c9d-3f10-11e4-adec-0800271c1b75">
      <id>5</id>
      <classname>org.openmrs.VisitType</classname>
      <dateChanged id="20">2019-07-17 07:15:15</dateChanged>
      <retired>true</retired>
    </org.openmrs.module.metadatasharing.Item>
    <org.openmrs.module.metadatasharing.Item id="21" uuid="c2402997-3f10-11e4-adec-0800271c1b75">
      <id>6</id>
      <classname>org.openmrs.VisitType</classname>
      <dateChanged id="22">2019-06-06 18:55:41</dateChanged>
      <retired>true</retired>
    </org.openmrs.module.metadatasharing.Item>
    <org.openmrs.module.metadatasharing.Item id="23" uuid="cf33057a-1cb3-44a4-859b-e3bee3647c34">
      <id>10</id>
      <classname>org.openmrs.VisitType</classname>
      <dateChanged id="24">2019-06-06 18:55:41</dateChanged>
      <retired>false</retired>
    </org.openmrs.module.metadatasharing.Item>
  </items>
  <relatedItems class="linked-hash-set" id="25"/>
</package>
