<?xml version="1.0" encoding="UTF-8"?>
<list id="1">
  <org.openmrs.VisitType id="2" uuid="7ec1521a-6ab8-4c84-a48d-6e0f0a210872">
    <name>FIRST_APSS_CONSULTATION</name>
    <description>First APSS&amp;PP consultation visit</description>
    <creator/>
    <dateCreated id="3">2019-06-06 09:32:58</dateCreated>
    <retired>false</retired>
    <visitTypeId>9</visitTypeId>
  </org.openmrs.VisitType>
  <org.openmrs.VisitType id="4" uuid="805463fa-42dd-4ee1-ac93-e433c7bea43f">
    <name>FOLLOWUP_CLINICAL_CONSULTATION</name>
    <description>Clinical followup consultation visit</description>
    <creator/>
    <dateCreated id="5">2019-06-06 09:33:53</dateCreated>
    <retired>false</retired>
    <visitTypeId>11</visitTypeId>
  </org.openmrs.VisitType>
  <org.openmrs.VisitType id="6" uuid="ab7e1f28-52bc-42e6-9045-c7cb66de3023">
    <name>FOLLOWUP_APSS_CONSULTATION</name>
    <description>APSS&amp;PP followup consultation visit</description>
    <creator/>
    <dateCreated id="7">2019-06-06 09:35:00</dateCreated>
    <retired>false</retired>
    <visitTypeId>12</visitTypeId>
  </org.openmrs.VisitType>
  <org.openmrs.VisitType id="8" uuid="b9cb32c9-3f12-11e4-adec-0800271c1b75">
    <name>PHARMACY VISIT</name>
    <description>Visit for syncing sale orders from pharmacy</description>
    <creator/>
    <dateCreated id="9">2014-09-18 00:00:00</dateCreated>
    <changedBy/>
    <dateChanged id="10">2019-06-06 09:31:59</dateChanged>
    <retired>true</retired>
    <dateRetired id="11">2019-06-06 09:31:59</dateRetired>
    <retiredBy/>
    <retireReason>MOH request</retireReason>
    <visitTypeId>7</visitTypeId>
  </org.openmrs.VisitType>
  <org.openmrs.VisitType id="12" uuid="bef32e14-3f12-11e4-adec-0800271c1b75">
    <name>LAB VISIT</name>
    <description>Visits for lab visit by patient when the tests are not ordered through OpenMRS</description>
    <creator/>
    <dateCreated id="13">2014-09-18 00:00:00</dateCreated>
    <changedBy/>
    <dateChanged id="14">2019-06-06 09:32:05</dateChanged>
    <retired>true</retired>
    <dateRetired id="15">2019-06-06 09:32:05</dateRetired>
    <retiredBy/>
    <retireReason>MOH request</retireReason>
    <visitTypeId>8</visitTypeId>
  </org.openmrs.VisitType>
  <org.openmrs.VisitType id="16" uuid="c228eab1-3f10-11e4-adec-0800271c1b75">
    <name>IPD</name>
    <description>Visit for patients being admitted</description>
    <creator/>
    <dateCreated id="17">2014-09-18 14:19:53</dateCreated>
    <changedBy/>
    <dateChanged id="18">2019-06-06 09:31:32</dateChanged>
    <retired>true</retired>
    <dateRetired id="19">2019-06-06 09:31:32</dateRetired>
    <retiredBy/>
    <retireReason>MOH request</retireReason>
    <visitTypeId>3</visitTypeId>
  </org.openmrs.VisitType>
  <org.openmrs.VisitType id="20" uuid="c22a5000-3f10-11e4-adec-0800271c1b75">
    <name>OPD</name>
    <description>Visit for patients coming for OPD</description>
    <creator/>
    <dateCreated id="21">2014-09-18 14:19:53</dateCreated>
    <changedBy/>
    <dateChanged id="22">2019-06-06 09:31:39</dateChanged>
    <retired>true</retired>
    <dateRetired id="23">2019-06-06 09:31:39</dateRetired>
    <retiredBy/>
    <retireReason>MOH request</retireReason>
    <visitTypeId>4</visitTypeId>
  </org.openmrs.VisitType>
  <org.openmrs.VisitType id="24" uuid="c23d6c9d-3f10-11e4-adec-0800271c1b75">
    <name>Special OPD</name>
    <description>Visit for patients coming for Dental, Spine, Skin etc</description>
    <creator/>
    <dateCreated id="25">2014-09-18 14:19:53</dateCreated>
    <changedBy/>
    <dateChanged id="26">2019-06-06 09:31:45</dateChanged>
    <retired>true</retired>
    <dateRetired id="27">2019-06-06 09:31:45</dateRetired>
    <retiredBy/>
    <retireReason>MOH request</retireReason>
    <visitTypeId>5</visitTypeId>
  </org.openmrs.VisitType>
  <org.openmrs.VisitType id="28" uuid="c2402997-3f10-11e4-adec-0800271c1b75">
    <name>EMERGENCY</name>
    <description>Emergency patient visit</description>
    <creator/>
    <dateCreated id="29">2014-09-18 14:19:53</dateCreated>
    <changedBy/>
    <dateChanged id="30">2019-06-06 09:31:51</dateChanged>
    <retired>true</retired>
    <dateRetired id="31">2019-06-06 09:31:51</dateRetired>
    <retiredBy/>
    <retireReason>MOH request</retireReason>
    <visitTypeId>6</visitTypeId>
  </org.openmrs.VisitType>
  <org.openmrs.VisitType id="32" uuid="c4090cbe-805c-4b8a-a30e-4e5d5b77f54d">
    <name>FIRST_CLINICAL_CONSULTATION</name>
    <description>First Clinical consultation visit</description>
    <creator/>
    <dateCreated id="33">2019-06-06 09:33:25</dateCreated>
    <retired>false</retired>
    <visitTypeId>10</visitTypeId>
  </org.openmrs.VisitType>
</list>
