<?xml version="1.0" encoding="UTF-8"?>
<list id="1">
  <org.openmrs.VisitType id="2" uuid="33c1abd4-6520-4d3d-b4ce-60ccc91d2dc0">
    <name>Patient_Start_Visit</name>
    <description>Consultation visit</description>
    <creator/>
    <dateCreated id="3">2019-07-18 04:52:30</dateCreated>
    <changedBy/>
    <dateChanged id="4">2019-07-22 09:19:52</dateChanged>
    <retired>false</retired>
    <visitTypeId>13</visitTypeId>
  </org.openmrs.VisitType>
  <org.openmrs.VisitType id="5" uuid="4893987e-15df-4f9a-9818-640f1c42cbaf">
    <name>FOLLOWUP_CLINICAL_CONSULTATION</name>
    <description>Clinical followup consultation visit</description>
    <creator/>
    <dateCreated id="6">2019-06-06 15:03:53</dateCreated>
    <changedBy/>
    <dateChanged id="7">2019-07-22 09:19:13</dateChanged>
    <retired>true</retired>
    <dateRetired id="8">2019-07-22 09:19:13</dateRetired>
    <retiredBy/>
    <retireReason>not needed</retireReason>
    <visitTypeId>11</visitTypeId>
  </org.openmrs.VisitType>
  <org.openmrs.VisitType id="9" uuid="7c5e250c-239b-4461-a929-05d721924e8f">
    <name>FOLLOWUP_APSS_CONSULTATION</name>
    <description>APSS&amp;PP followup consultation visit</description>
    <creator/>
    <dateCreated id="10">2019-06-06 15:05:00</dateCreated>
    <changedBy/>
    <dateChanged id="11">2019-07-22 09:19:21</dateChanged>
    <retired>true</retired>
    <dateRetired id="12">2019-07-22 09:19:21</dateRetired>
    <retiredBy/>
    <retireReason>not needed</retireReason>
    <visitTypeId>12</visitTypeId>
  </org.openmrs.VisitType>
  <org.openmrs.VisitType id="13" uuid="7d3cb7af-84d7-44a9-a0ab-034d958720d9">
    <name>FIRST_APSS_CONSULTATION</name>
    <description>First APSS&amp;PP consultation visit</description>
    <creator/>
    <dateCreated id="14">2019-06-06 15:02:58</dateCreated>
    <changedBy/>
    <dateChanged id="15">2019-07-22 09:18:58</dateChanged>
    <retired>true</retired>
    <dateRetired id="16">2019-07-22 09:18:58</dateRetired>
    <retiredBy/>
    <retireReason>not needed</retireReason>
    <visitTypeId>9</visitTypeId>
  </org.openmrs.VisitType>
  <org.openmrs.VisitType id="17" uuid="b9cb32c9-3f12-11e4-adec-0800271c1b75">
    <name>PHARMACY VISIT</name>
    <description>Visit for syncing sale orders from pharmacy</description>
    <creator/>
    <dateCreated id="18">2014-09-18 05:30:00</dateCreated>
    <changedBy/>
    <dateChanged id="19">2019-07-22 07:42:53</dateChanged>
    <retired>true</retired>
    <dateRetired id="20">2019-06-06 15:01:59</dateRetired>
    <retiredBy/>
    <retireReason>MOH request</retireReason>
    <visitTypeId>7</visitTypeId>
  </org.openmrs.VisitType>
  <org.openmrs.VisitType id="21" uuid="bef32e14-3f12-11e4-adec-0800271c1b75">
    <name>LAB VISIT</name>
    <description>Visits for lab visit by patient when the tests are not ordered through OpenMRS</description>
    <creator/>
    <dateCreated id="22">2014-09-18 05:30:00</dateCreated>
    <changedBy/>
    <dateChanged id="23">2019-07-22 07:42:53</dateChanged>
    <retired>true</retired>
    <dateRetired id="24">2019-06-06 15:02:05</dateRetired>
    <retiredBy/>
    <retireReason>MOH request</retireReason>
    <visitTypeId>8</visitTypeId>
  </org.openmrs.VisitType>
  <org.openmrs.VisitType id="25" uuid="c228eab1-3f10-11e4-adec-0800271c1b75">
    <name>IPD</name>
    <description>Visit for patients being admitted</description>
    <creator/>
    <dateCreated id="26">2014-09-18 19:49:53</dateCreated>
    <changedBy/>
    <dateChanged id="27">2019-07-22 07:42:53</dateChanged>
    <retired>true</retired>
    <dateRetired id="28">2019-06-06 15:01:32</dateRetired>
    <retiredBy/>
    <retireReason>MOH request</retireReason>
    <visitTypeId>3</visitTypeId>
  </org.openmrs.VisitType>
  <org.openmrs.VisitType id="29" uuid="c22a5000-3f10-11e4-adec-0800271c1b75">
    <name>OPD</name>
    <description>Visit for patients coming for OPD</description>
    <creator/>
    <dateCreated id="30">2014-09-18 19:49:53</dateCreated>
    <changedBy/>
    <dateChanged id="31">2019-07-22 07:42:53</dateChanged>
    <retired>true</retired>
    <dateRetired id="32">2019-06-06 15:01:39</dateRetired>
    <retiredBy/>
    <retireReason>MOH request</retireReason>
    <visitTypeId>4</visitTypeId>
  </org.openmrs.VisitType>
  <org.openmrs.VisitType id="33" uuid="c23d6c9d-3f10-11e4-adec-0800271c1b75">
    <name>Special OPD</name>
    <description>Visit for patients coming for Dental, Spine, Skin etc</description>
    <creator/>
    <dateCreated id="34">2014-09-18 19:49:53</dateCreated>
    <changedBy/>
    <dateChanged id="35">2019-07-22 07:42:53</dateChanged>
    <retired>true</retired>
    <dateRetired id="36">2019-06-06 15:01:45</dateRetired>
    <retiredBy/>
    <retireReason>MOH request</retireReason>
    <visitTypeId>5</visitTypeId>
  </org.openmrs.VisitType>
  <org.openmrs.VisitType id="37" uuid="c2402997-3f10-11e4-adec-0800271c1b75">
    <name>EMERGENCY</name>
    <description>Emergency patient visit</description>
    <creator/>
    <dateCreated id="38">2014-09-18 19:49:53</dateCreated>
    <changedBy/>
    <dateChanged id="39">2019-07-22 07:42:53</dateChanged>
    <retired>true</retired>
    <dateRetired id="40">2019-06-06 15:01:51</dateRetired>
    <retiredBy/>
    <retireReason>MOH request</retireReason>
    <visitTypeId>6</visitTypeId>
  </org.openmrs.VisitType>
  <org.openmrs.VisitType id="41" uuid="cf33057a-1cb3-44a4-859b-e3bee3647c34">
    <name>FIRST_CLINICAL_CONSULTATION</name>
    <description>First Clinical consultation visit</description>
    <creator/>
    <dateCreated id="42">2019-06-06 15:03:25</dateCreated>
    <changedBy/>
    <dateChanged id="43">2019-07-22 09:19:07</dateChanged>
    <retired>true</retired>
    <dateRetired id="44">2019-07-22 09:19:07</dateRetired>
    <retiredBy/>
    <retireReason>not needed</retireReason>
    <visitTypeId>10</visitTypeId>
  </org.openmrs.VisitType>
</list>
