<?xml version="1.0" encoding="UTF-8"?>
<list id="1">
  <org.openmrs.VisitType id="2" uuid="4893987e-15df-4f9a-9818-640f1c42cbaf">
    <name>FOLLOWUP_CLINICAL_CONSULTATION</name>
    <description>Clinical followup consultation visit</description>
    <creator/>
    <dateCreated id="3">2019-06-06 15:03:53</dateCreated>
    <changedBy/>
    <dateChanged id="4">2019-06-06 18:55:41</dateChanged>
    <retired>false</retired>
    <visitTypeId>11</visitTypeId>
  </org.openmrs.VisitType>
  <org.openmrs.VisitType id="5" uuid="7c5e250c-239b-4461-a929-05d721924e8f">
    <name>FOLLOWUP_APSS_CONSULTATION</name>
    <description>APSS&amp;PP followup consultation visit</description>
    <creator/>
    <dateCreated id="6">2019-06-06 15:05:00</dateCreated>
    <changedBy/>
    <dateChanged id="7">2019-06-06 18:55:41</dateChanged>
    <retired>false</retired>
    <visitTypeId>12</visitTypeId>
  </org.openmrs.VisitType>
  <org.openmrs.VisitType id="8" uuid="7d3cb7af-84d7-44a9-a0ab-034d958720d9">
    <name>FIRST_APSS_CONSULTATION</name>
    <description>First APSS&amp;PP consultation visit</description>
    <creator/>
    <dateCreated id="9">2019-06-06 15:02:58</dateCreated>
    <changedBy/>
    <dateChanged id="10">2019-06-06 18:55:41</dateChanged>
    <retired>false</retired>
    <visitTypeId>9</visitTypeId>
  </org.openmrs.VisitType>
  <org.openmrs.VisitType id="11" uuid="b9cb32c9-3f12-11e4-adec-0800271c1b75">
    <name>PHARMACY VISIT</name>
    <description>Visit for syncing sale orders from pharmacy</description>
    <creator/>
    <dateCreated id="12">2014-09-18 05:30:00</dateCreated>
    <changedBy/>
    <dateChanged id="13">2019-06-06 18:55:41</dateChanged>
    <retired>true</retired>
    <dateRetired id="14">2019-06-06 15:01:59</dateRetired>
    <retiredBy/>
    <retireReason>MOH request</retireReason>
    <visitTypeId>7</visitTypeId>
  </org.openmrs.VisitType>
  <org.openmrs.VisitType id="15" uuid="bef32e14-3f12-11e4-adec-0800271c1b75">
    <name>LAB VISIT</name>
    <description>Visits for lab visit by patient when the tests are not ordered through OpenMRS</description>
    <creator/>
    <dateCreated id="16">2014-09-18 05:30:00</dateCreated>
    <changedBy/>
    <dateChanged id="17">2019-06-06 18:55:41</dateChanged>
    <retired>true</retired>
    <dateRetired id="18">2019-06-06 15:02:05</dateRetired>
    <retiredBy/>
    <retireReason>MOH request</retireReason>
    <visitTypeId>8</visitTypeId>
  </org.openmrs.VisitType>
  <org.openmrs.VisitType id="19" uuid="c228eab1-3f10-11e4-adec-0800271c1b75">
    <name>IPD</name>
    <description>Visit for patients being admitted</description>
    <creator/>
    <dateCreated id="20">2014-09-18 19:49:53</dateCreated>
    <changedBy/>
    <dateChanged id="21">2019-06-06 18:55:41</dateChanged>
    <retired>true</retired>
    <dateRetired id="22">2019-06-06 15:01:32</dateRetired>
    <retiredBy/>
    <retireReason>MOH request</retireReason>
    <visitTypeId>3</visitTypeId>
  </org.openmrs.VisitType>
  <org.openmrs.VisitType id="23" uuid="c22a5000-3f10-11e4-adec-0800271c1b75">
    <name>OPD</name>
    <description>Visit for patients coming for OPD</description>
    <creator/>
    <dateCreated id="24">2014-09-18 19:49:53</dateCreated>
    <changedBy/>
    <dateChanged id="25">2019-06-06 18:55:41</dateChanged>
    <retired>true</retired>
    <dateRetired id="26">2019-06-06 15:01:39</dateRetired>
    <retiredBy/>
    <retireReason>MOH request</retireReason>
    <visitTypeId>4</visitTypeId>
  </org.openmrs.VisitType>
  <org.openmrs.VisitType id="27" uuid="c23d6c9d-3f10-11e4-adec-0800271c1b75">
    <name>SPECIAL_OPD</name>
    <description>Visit for patients coming for Dental, Spine, Skin etc</description>
    <creator/>
    <dateCreated id="28">2014-09-18 19:49:53</dateCreated>
    <changedBy/>
    <dateChanged id="29">2019-07-17 07:15:15</dateChanged>
    <retired>true</retired>
    <dateRetired id="30">2019-06-06 15:01:45</dateRetired>
    <retiredBy/>
    <retireReason>MOH request</retireReason>
    <visitTypeId>5</visitTypeId>
  </org.openmrs.VisitType>
  <org.openmrs.VisitType id="31" uuid="c2402997-3f10-11e4-adec-0800271c1b75">
    <name>EMERGENCY</name>
    <description>Emergency patient visit</description>
    <creator/>
    <dateCreated id="32">2014-09-18 19:49:53</dateCreated>
    <changedBy/>
    <dateChanged id="33">2019-06-06 18:55:41</dateChanged>
    <retired>true</retired>
    <dateRetired id="34">2019-06-06 15:01:51</dateRetired>
    <retiredBy/>
    <retireReason>MOH request</retireReason>
    <visitTypeId>6</visitTypeId>
  </org.openmrs.VisitType>
  <org.openmrs.VisitType id="35" uuid="cf33057a-1cb3-44a4-859b-e3bee3647c34">
    <name>FIRST_CLINICAL_CONSULTATION</name>
    <description>First Clinical consultation visit</description>
    <creator/>
    <dateCreated id="36">2019-06-06 15:03:25</dateCreated>
    <changedBy/>
    <dateChanged id="37">2019-06-06 18:55:41</dateChanged>
    <retired>false</retired>
    <visitTypeId>10</visitTypeId>
  </org.openmrs.VisitType>
</list>
