<?xml version="1.0" encoding="UTF-8"?>
<list id="1">
  <org.openmrs.Role id="2" uuid="c8ff2848-bba8-4522-a604-8b99cc4d4a3b">
    <description>Will Have full Access for Appointments App</description>
    <retired>false</retired>
    <role>Appointments-App</role>
    <privileges id="3">
      <org.openmrs.Privilege id="4" uuid="d05118c6-2490-4d78-a41a-390e3596a249">
        <description>Able to get users in OpenMRS</description>
        <retired>false</retired>
        <privilege>Get Users</privilege>
      </org.openmrs.Privilege>
      <org.openmrs.Privilege id="5" uuid="4eca498a-3f10-11e4-adec-0800271c1b75">
        <description>Able to edit users in OpenMRS</description>
        <retired>false</retired>
        <privilege>Edit Users</privilege>
      </org.openmrs.Privilege>
    </privileges>
    <inheritedRoles id="6">
      <org.openmrs.Role id="7" uuid="a3b15bc6-c70d-11e7-aa2b-8e7070d6a3d1">
        <description>Ability to manage appointments and services in appointments module</description>
        <retired>false</retired>
        <role>Appointments:FullAccess</role>
        <privileges id="8">
          <org.openmrs.Privilege id="9" uuid="a4dd544a-c70d-11e7-aa2b-8e7070d6a3d1">
            <description>Able to manage Services in Appointments module</description>
            <retired>false</retired>
            <privilege>Manage Appointment Services</privilege>
          </org.openmrs.Privilege>
          <org.openmrs.Privilege id="10" uuid="a3af047e-c70d-11e7-aa2b-8e7070d6a3d1">
            <description>Able to manage services in appointments module</description>
            <retired>false</retired>
            <privilege>app:appointments:adminTab</privilege>
          </org.openmrs.Privilege>
        </privileges>
        <inheritedRoles id="11">
          <org.openmrs.Role id="12" uuid="a3b09675-c70d-11e7-aa2b-8e7070d6a3d1">
            <description>Ability to manage appointments in appointments module</description>
            <retired>false</retired>
            <role>Appointments:ManageAppointments</role>
            <privileges id="13">
              <org.openmrs.Privilege id="14" uuid="a3ae36a4-c70d-11e7-aa2b-8e7070d6a3d1">
                <description>Able to manage appointments in appointments module</description>
                <retired>false</retired>
                <privilege>app:appointments:manageAppointmentsTab</privilege>
              </org.openmrs.Privilege>
              <org.openmrs.Privilege id="15" uuid="a4dc2c9e-c70d-11e7-aa2b-8e7070d6a3d1">
                <description>Able to manage Appointments in Appointments module</description>
                <retired>false</retired>
                <privilege>Manage Appointments</privilege>
              </org.openmrs.Privilege>
            </privileges>
            <inheritedRoles id="16">
              <org.openmrs.Role id="17" uuid="a3afcdb3-c70d-11e7-aa2b-8e7070d6a3d1">
                <description>Ability to view appointments in appointments module</description>
                <retired>false</retired>
                <role>Appointments:ReadOnly</role>
                <privileges id="18">
                  <org.openmrs.Privilege id="19" uuid="d05118c6-2490-4d78-a41a-390e3596a246">
                    <description>Able to get locations</description>
                    <retired>false</retired>
                    <privilege>Get Locations</privilege>
                  </org.openmrs.Privilege>
                  <org.openmrs.Privilege id="20" uuid="a4db9915-c70d-11e7-aa2b-8e7070d6a3d1">
                    <description>Able to view Appointments in Appointments module</description>
                    <retired>false</retired>
                    <privilege>View Appointments</privilege>
                  </org.openmrs.Privilege>
                  <org.openmrs.Privilege id="21" uuid="a4dcbd43-c70d-11e7-aa2b-8e7070d6a3d1">
                    <description>Able to view Services in Appointments module</description>
                    <retired>false</retired>
                    <privilege>View Appointment Services</privilege>
                  </org.openmrs.Privilege>
                  <org.openmrs.Privilege id="22" uuid="d05118c6-2490-4d78-a41a-390e3596a244">
                    <description>Able to get patients</description>
                    <retired>false</retired>
                    <privilege>Get Patients</privilege>
                  </org.openmrs.Privilege>
                  <org.openmrs.Privilege id="23" uuid="d05118c6-2490-4d78-a41a-390e3596a211">
                    <description>Able to get Providers</description>
                    <retired>false</retired>
                    <privilege>Get Providers</privilege>
                  </org.openmrs.Privilege>
                  <org.openmrs.Privilege id="24" uuid="d05118c6-2490-4d78-a41a-390e3596a243">
                    <description>Able to get patient identifiers</description>
                    <retired>false</retired>
                    <privilege>Get Patient Identifiers</privilege>
                  </org.openmrs.Privilege>
                  <org.openmrs.Privilege id="25" uuid="a3ad55e4-c70d-11e7-aa2b-8e7070d6a3d1">
                    <description>Able to view Appointments module</description>
                    <retired>false</retired>
                    <privilege>app:appointments</privilege>
                  </org.openmrs.Privilege>
                </privileges>
                <inheritedRoles id="26"/>
                <childRoles id="27">
                  <org.openmrs.Role reference="12"/>
                  <org.openmrs.Role id="28" uuid="e67b802b-7dd1-4df2-aee3-255aadfed631">
                    <description>Ability to manage registration and appointments modules and view reports</description>
                    <retired>false</retired>
                    <role>Recepcionista</role>
                    <privileges id="29"/>
                    <inheritedRoles id="30">
                      <org.openmrs.Role reference="7"/>
                      <org.openmrs.Role reference="17"/>
                      <org.openmrs.Role id="31" uuid="6966137f-a662-11e6-91e9-0800270d80ce">
                        <description>Will have full access for Registration app</description>
                        <retired>false</retired>
                        <role>Registration-App</role>
                        <privileges id="32">
                          <org.openmrs.Privilege id="33" uuid="6f4e4854-3f10-11e4-adec-0800271c1b75">
                            <description>Able to delete visits</description>
                            <retired>false</retired>
                            <privilege>Delete Visits</privilege>
                          </org.openmrs.Privilege>
                          <org.openmrs.Privilege id="34" uuid="d05118c6-2490-4d78-a41a-390e3596a213">
                            <description>Able to get visit attribute types</description>
                            <retired>false</retired>
                            <privilege>Get Visit Attribute Types</privilege>
                          </org.openmrs.Privilege>
                          <org.openmrs.Privilege id="35" uuid="4eca44bb-3f10-11e4-adec-0800271c1b75">
                            <description>Able to edit patient observations</description>
                            <retired>false</retired>
                            <privilege>Edit Observations</privilege>
                          </org.openmrs.Privilege>
                          <org.openmrs.Privilege id="36" uuid="6f4ebf25-3f10-11e4-adec-0800271c1b75">
                            <description>Able to edit visits</description>
                            <retired>false</retired>
                            <privilege>Edit Visits</privilege>
                          </org.openmrs.Privilege>
                          <org.openmrs.Privilege id="37" uuid="d05118c6-2490-4d78-a41a-390e3596a245">
                            <description>Able to get patient observations</description>
                            <retired>false</retired>
                            <privilege>Get Observations</privilege>
                          </org.openmrs.Privilege>
                          <org.openmrs.Privilege id="38" uuid="4eca3615-3f10-11e4-adec-0800271c1b75">
                            <description>Able to add patient observations</description>
                            <retired>false</retired>
                            <privilege>Add Observations</privilege>
                          </org.openmrs.Privilege>
                          <org.openmrs.Privilege id="39" uuid="d05118c6-2490-4d78-a41a-390e3596a210">
                            <description>Able to get encounter roles</description>
                            <retired>false</retired>
                            <privilege>Get Encounter Roles</privilege>
                          </org.openmrs.Privilege>
                          <org.openmrs.Privilege reference="24"/>
                          <org.openmrs.Privilege id="40" uuid="4eca39b8-3f10-11e4-adec-0800271c1b75">
                            <description>Able to add relationships</description>
                            <retired>false</retired>
                            <privilege>Add Relationships</privilege>
                          </org.openmrs.Privilege>
                          <org.openmrs.Privilege id="41" uuid="4eca4442-3f10-11e4-adec-0800271c1b75">
                            <description>Able to edit patient encounters</description>
                            <retired>false</retired>
                            <privilege>Edit Encounters</privilege>
                          </org.openmrs.Privilege>
                          <org.openmrs.Privilege id="42" uuid="4eca3570-3f10-11e4-adec-0800271c1b75">
                            <description>Able to add patient encounters</description>
                            <retired>false</retired>
                            <privilege>Add Encounters</privilege>
                          </org.openmrs.Privilege>
                          <org.openmrs.Privilege id="43" uuid="4eca389b-3f10-11e4-adec-0800271c1b75">
                            <description>Able to add patients</description>
                            <retired>false</retired>
                            <privilege>Add Patients</privilege>
                          </org.openmrs.Privilege>
                          <org.openmrs.Privilege id="44" uuid="4eca46ac-3f10-11e4-adec-0800271c1b75">
                            <description>Able to edit patients</description>
                            <retired>false</retired>
                            <privilege>Edit Patients</privilege>
                          </org.openmrs.Privilege>
                          <org.openmrs.Privilege id="45" uuid="4eca45b3-3f10-11e4-adec-0800271c1b75">
                            <description>Able to edit patient identifiers</description>
                            <retired>false</retired>
                            <privilege>Edit Patient Identifiers</privilege>
                          </org.openmrs.Privilege>
                          <org.openmrs.Privilege id="46" uuid="6f4d7fbb-3f10-11e4-adec-0800271c1b75">
                            <description>Able to add visits</description>
                            <retired>false</retired>
                            <privilege>Add Visits</privilege>
                          </org.openmrs.Privilege>
                          <org.openmrs.Privilege id="47" uuid="4eca47a0-3f10-11e4-adec-0800271c1b75">
                            <description>Able to edit relationships</description>
                            <retired>false</retired>
                            <privilege>Edit Relationships</privilege>
                          </org.openmrs.Privilege>
                        </privileges>
                        <inheritedRoles id="48">
                          <org.openmrs.Role id="49" uuid="6961a4e9-a662-11e6-91e9-0800270d80ce">
                            <description>Will have read only access for Registration app</description>
                            <retired>false</retired>
                            <role>Registration-App-Read-Only</role>
                            <privileges id="50">
                              <org.openmrs.Privilege id="51" uuid="d05118c6-2490-4d78-a41a-390e3596a248">
                                <description>Able to get patient encounters</description>
                                <retired>false</retired>
                                <privilege>Get Encounters</privilege>
                              </org.openmrs.Privilege>
                              <org.openmrs.Privilege id="52" uuid="d05118c6-2490-4d78-a41a-390e3596a215">
                                <description>Able to get visit types</description>
                                <retired>false</retired>
                                <privilege>Get Visit Types</privilege>
                              </org.openmrs.Privilege>
                              <org.openmrs.Privilege id="53" uuid="d05118c6-2490-4d78-a41a-390e3596a224">
                                <description>Able to get person objects</description>
                                <retired>false</retired>
                                <privilege>Get People</privilege>
                              </org.openmrs.Privilege>
                              <org.openmrs.Privilege id="54" uuid="d05118c6-2490-4d78-a41a-390e3596a225">
                                <description>Able to get person attribute types</description>
                                <retired>false</retired>
                                <privilege>Get Person Attribute Types</privilege>
                              </org.openmrs.Privilege>
                              <org.openmrs.Privilege id="55" uuid="d05118c6-2490-4d78-a41a-390e3596a214">
                                <description>Able to get visits</description>
                                <retired>false</retired>
                                <privilege>Get Visits</privilege>
                              </org.openmrs.Privilege>
                              <org.openmrs.Privilege reference="22"/>
                              <org.openmrs.Privilege reference="23"/>
                              <org.openmrs.Privilege reference="37"/>
                              <org.openmrs.Privilege id="56" uuid="d05118c6-2490-4d78-a41a-390e3596a231">
                                <description>Able to get concept sources</description>
                                <retired>false</retired>
                                <privilege>Get Concept Sources</privilege>
                              </org.openmrs.Privilege>
                              <org.openmrs.Privilege id="57" uuid="4eca66f3-3f10-11e4-adec-0800271c1b75">
                                <description>Able to view patients</description>
                                <retired>false</retired>
                                <privilege>View Patients</privilege>
                              </org.openmrs.Privilege>
                              <org.openmrs.Privilege id="58" uuid="d05118c6-2490-4d78-a41a-390e3596a251">
                                <description>Able to get concept entries</description>
                                <retired>false</retired>
                                <privilege>Get Concepts</privilege>
                              </org.openmrs.Privilege>
                              <org.openmrs.Privilege id="59" uuid="85075bb1-3f10-11e4-adec-0800271c1b75">
                                <description>Bahmni registration app access privilege</description>
                                <retired>false</retired>
                                <privilege>app:registration</privilege>
                              </org.openmrs.Privilege>
                            </privileges>
                            <inheritedRoles id="60">
                              <org.openmrs.Role id="61" uuid="69614cba-a662-11e6-91e9-0800270d80ce">
                                <description>Will give ability to login to the application and used internally, should not be assigned to user directly.</description>
                                <retired>false</retired>
                                <role>Bahmni-App-User-Login</role>
                                <privileges id="62">
                                  <org.openmrs.Privilege reference="4"/>
                                  <org.openmrs.Privilege reference="5"/>
                                  <org.openmrs.Privilege reference="23"/>
                                </privileges>
                                <inheritedRoles id="63"/>
                                <childRoles id="64">
                                  <org.openmrs.Role id="65" uuid="696e2399-a662-11e6-91e9-0800270d80ce">
                                    <description>Will have full access for Admin app</description>
                                    <retired>false</retired>
                                    <role>Admin-App</role>
                                    <privileges id="66">
                                      <org.openmrs.Privilege reference="52"/>
                                      <org.openmrs.Privilege reference="34"/>
                                      <org.openmrs.Privilege reference="55"/>
                                      <org.openmrs.Privilege reference="35"/>
                                      <org.openmrs.Privilege reference="36"/>
                                      <org.openmrs.Privilege reference="23"/>
                                      <org.openmrs.Privilege id="67" uuid="bb5b08be-3f10-11e4-adec-0800271c1b75">
                                        <description>Bahmni admin app access privilege</description>
                                        <retired>false</retired>
                                        <privilege>app:admin</privilege>
                                      </org.openmrs.Privilege>
                                      <org.openmrs.Privilege reference="56"/>
                                      <org.openmrs.Privilege reference="38"/>
                                      <org.openmrs.Privilege reference="39"/>
                                      <org.openmrs.Privilege id="68" uuid="4eca4631-3f10-11e4-adec-0800271c1b75">
                                        <description>Able to edit patients in programs</description>
                                        <retired>false</retired>
                                        <privilege>Edit Patient Programs</privilege>
                                      </org.openmrs.Privilege>
                                      <org.openmrs.Privilege reference="40"/>
                                      <org.openmrs.Privilege reference="41"/>
                                      <org.openmrs.Privilege id="69" uuid="980ac4d1-3f10-11e4-adec-0800271c1b75">
                                        <description>Able to get Care Settings</description>
                                        <retired>false</retired>
                                        <privilege>Get Care Settings</privilege>
                                      </org.openmrs.Privilege>
                                      <org.openmrs.Privilege id="70" uuid="d4b4d067-5bce-45fb-b05c-e5434d269b16">
                                        <description>Able to manage order sets</description>
                                        <retired>false</retired>
                                        <privilege>Manage Order Sets</privilege>
                                      </org.openmrs.Privilege>
                                      <org.openmrs.Privilege id="71" uuid="4eca4c6f-3f10-11e4-adec-0800271c1b75">
                                        <description>Able to add/edit/delete concept entries</description>
                                        <retired>false</retired>
                                        <privilege>Manage Concepts</privilege>
                                      </org.openmrs.Privilege>
                                      <org.openmrs.Privilege reference="46"/>
                                      <org.openmrs.Privilege id="72" uuid="def7d698-8be0-417a-b502-6c459109d440">
                                        <description>Able to get order sets</description>
                                        <retired>false</retired>
                                        <privilege>Get Order Sets</privilege>
                                      </org.openmrs.Privilege>
                                      <org.openmrs.Privilege reference="47"/>
                                      <org.openmrs.Privilege reference="51"/>
                                      <org.openmrs.Privilege id="73" uuid="d05118c6-2490-4d78-a41a-390e3596a227">
                                        <description>Able to get which programs that patients are in</description>
                                        <retired>false</retired>
                                        <privilege>Get Patient Programs</privilege>
                                      </org.openmrs.Privilege>
                                      <org.openmrs.Privilege id="74" uuid="4eca37fb-3f10-11e4-adec-0800271c1b75">
                                        <description>Able to add patients to programs</description>
                                        <retired>false</retired>
                                        <privilege>Add Patient Programs</privilege>
                                      </org.openmrs.Privilege>
                                      <org.openmrs.Privilege reference="22"/>
                                      <org.openmrs.Privilege reference="37"/>
                                      <org.openmrs.Privilege id="75" uuid="4eca4536-3f10-11e4-adec-0800271c1b75">
                                        <description>Able to edit orders</description>
                                        <retired>false</retired>
                                        <privilege>Edit Orders</privilege>
                                      </org.openmrs.Privilege>
                                      <org.openmrs.Privilege id="76" uuid="9804a0c9-3f10-11e4-adec-0800271c1b75">
                                        <description>Able to get Order Frequencies</description>
                                        <retired>false</retired>
                                        <privilege>Get Order Frequencies</privilege>
                                      </org.openmrs.Privilege>
                                      <org.openmrs.Privilege id="77" uuid="6f4f805b-3f10-11e4-adec-0800271c1b75">
                                        <description>Able to add/edit/retire reference terms</description>
                                        <retired>false</retired>
                                        <privilege>Manage Concept Reference Terms</privilege>
                                      </org.openmrs.Privilege>
                                      <org.openmrs.Privilege reference="42"/>
                                      <org.openmrs.Privilege id="78" uuid="4eca36b0-3f10-11e4-adec-0800271c1b75">
                                        <description>Able to add orders</description>
                                        <retired>false</retired>
                                        <privilege>Add Orders</privilege>
                                      </org.openmrs.Privilege>
                                      <org.openmrs.Privilege reference="43"/>
                                      <org.openmrs.Privilege id="79" uuid="d05118c6-2490-4d78-a41a-390e3596a228">
                                        <description>Able to get patient programs</description>
                                        <retired>false</retired>
                                        <privilege>Get Programs</privilege>
                                      </org.openmrs.Privilege>
                                      <org.openmrs.Privilege reference="44"/>
                                      <org.openmrs.Privilege id="80" uuid="d05118c6-2490-4d78-a41a-390e3596a229">
                                        <description>Able to get concept reference terms</description>
                                        <retired>false</retired>
                                        <privilege>Get Concept Reference Terms</privilege>
                                      </org.openmrs.Privilege>
                                      <org.openmrs.Privilege reference="58"/>
                                    </privileges>
                                    <inheritedRoles id="81">
                                      <org.openmrs.Role reference="61"/>
                                    </inheritedRoles>
                                    <childRoles id="82">
                                      <org.openmrs.Role id="83" uuid="69779992-a662-11e6-91e9-0800270d80ce">
                                        <description>Will have full access to Bahmni</description>
                                        <retired>false</retired>
                                        <role>Bahmni-App</role>
                                        <privileges id="84"/>
                                        <inheritedRoles id="85">
                                          <org.openmrs.Role reference="65"/>
                                          <org.openmrs.Role id="86" uuid="69776231-a662-11e6-91e9-0800270d80ce">
                                            <description>Will have full access to Implementer Interface app</description>
                                            <retired>false</retired>
                                            <role>Implementer-Interface-App</role>
                                            <privileges id="87">
                                              <org.openmrs.Privilege id="88" uuid="695fb110-a662-11e6-91e9-0800270d80ce">
                                                <description>Will give access to implementer interface app</description>
                                                <retired>false</retired>
                                                <privilege>app:implementer-interface</privilege>
                                              </org.openmrs.Privilege>
                                            </privileges>
                                            <inheritedRoles id="89">
                                              <org.openmrs.Role reference="61"/>
                                            </inheritedRoles>
                                            <childRoles id="90">
                                              <org.openmrs.Role reference="83"/>
                                            </childRoles>
                                          </org.openmrs.Role>
                                          <org.openmrs.Role id="91" uuid="697047a4-a662-11e6-91e9-0800270d80ce">
                                            <description>Will have full access for InPatient app</description>
                                            <retired>false</retired>
                                            <role>InPatient-App</role>
                                            <privileges id="92">
                                              <org.openmrs.Privilege reference="51"/>
                                              <org.openmrs.Privilege reference="53"/>
                                              <org.openmrs.Privilege reference="34"/>
                                              <org.openmrs.Privilege reference="55"/>
                                              <org.openmrs.Privilege reference="35"/>
                                              <org.openmrs.Privilege reference="36"/>
                                              <org.openmrs.Privilege reference="22"/>
                                              <org.openmrs.Privilege reference="23"/>
                                              <org.openmrs.Privilege reference="37"/>
                                              <org.openmrs.Privilege reference="38"/>
                                              <org.openmrs.Privilege reference="39"/>
                                              <org.openmrs.Privilege id="93" uuid="02b6c5e6-99a5-11e5-bbf3-080027b662ec">
                                                <description>Able to Edit admission locations</description>
                                                <retired>false</retired>
                                                <privilege>Edit Admission Locations</privilege>
                                              </org.openmrs.Privilege>
                                              <org.openmrs.Privilege reference="41"/>
                                              <org.openmrs.Privilege reference="42"/>
                                              <org.openmrs.Privilege id="94" uuid="02b3e36b-99a5-11e5-bbf3-080027b662ec">
                                                <description>Able to assign bed to patient</description>
                                                <retired>false</retired>
                                                <privilege>Assign Beds</privilege>
                                              </org.openmrs.Privilege>
                                              <org.openmrs.Privilege reference="46"/>
                                            </privileges>
                                            <inheritedRoles id="95">
                                              <org.openmrs.Role id="96" uuid="696d655c-a662-11e6-91e9-0800270d80ce">
                                                <description>Will have read only access for InPatient app</description>
                                                <retired>false</retired>
                                                <role>InPatient-App-Read-Only</role>
                                                <privileges id="97">
                                                  <org.openmrs.Privilege reference="52"/>
                                                  <org.openmrs.Privilege reference="53"/>
                                                  <org.openmrs.Privilege reference="55"/>
                                                  <org.openmrs.Privilege id="98" uuid="02b02e78-99a5-11e5-bbf3-080027b662ec">
                                                    <description>Able to view available beds</description>
                                                    <retired>false</retired>
                                                    <privilege>Get Beds</privilege>
                                                  </org.openmrs.Privilege>
                                                  <org.openmrs.Privilege reference="22"/>
                                                  <org.openmrs.Privilege reference="37"/>
                                                  <org.openmrs.Privilege reference="56"/>
                                                  <org.openmrs.Privilege id="99" uuid="02b4ae05-99a5-11e5-bbf3-080027b662ec">
                                                    <description>Able to view admission locations</description>
                                                    <retired>false</retired>
                                                    <privilege>Get Admission Locations</privilege>
                                                  </org.openmrs.Privilege>
                                                  <org.openmrs.Privilege reference="58"/>
                                                  <org.openmrs.Privilege id="100" uuid="820d4a17-3f10-11e4-adec-0800271c1b75">
                                                    <description>bahmni adt access privilege</description>
                                                    <retired>false</retired>
                                                    <privilege>app:adt</privilege>
                                                  </org.openmrs.Privilege>
                                                </privileges>
                                                <inheritedRoles id="101">
                                                  <org.openmrs.Role reference="61"/>
                                                </inheritedRoles>
                                                <childRoles id="102">
                                                  <org.openmrs.Role reference="91"/>
                                                </childRoles>
                                              </org.openmrs.Role>
                                            </inheritedRoles>
                                            <childRoles id="103">
                                              <org.openmrs.Role reference="83"/>
                                            </childRoles>
                                          </org.openmrs.Role>
                                          <org.openmrs.Role id="104" uuid="696c9555-a662-11e6-91e9-0800270d80ce">
                                            <description>Will have full access for Radiology app</description>
                                            <retired>false</retired>
                                            <role>Radiology-App</role>
                                            <privileges id="105">
                                              <org.openmrs.Privilege reference="51"/>
                                              <org.openmrs.Privilege reference="52"/>
                                              <org.openmrs.Privilege reference="34"/>
                                              <org.openmrs.Privilege reference="55"/>
                                              <org.openmrs.Privilege reference="35"/>
                                              <org.openmrs.Privilege reference="36"/>
                                              <org.openmrs.Privilege reference="22"/>
                                              <org.openmrs.Privilege reference="23"/>
                                              <org.openmrs.Privilege reference="37"/>
                                              <org.openmrs.Privilege reference="56"/>
                                              <org.openmrs.Privilege reference="38"/>
                                              <org.openmrs.Privilege reference="39"/>
                                              <org.openmrs.Privilege id="106" uuid="695fc13a-a662-11e6-91e9-0800270d80ce">
                                                <description>Will give access to radiology app</description>
                                                <retired>false</retired>
                                                <privilege>app:radiology-upload</privilege>
                                              </org.openmrs.Privilege>
                                              <org.openmrs.Privilege reference="41"/>
                                              <org.openmrs.Privilege reference="42"/>
                                              <org.openmrs.Privilege reference="46"/>
                                              <org.openmrs.Privilege reference="58"/>
                                            </privileges>
                                            <inheritedRoles id="107">
                                              <org.openmrs.Role reference="61"/>
                                            </inheritedRoles>
                                            <childRoles id="108">
                                              <org.openmrs.Role reference="83"/>
                                            </childRoles>
                                          </org.openmrs.Role>
                                          <org.openmrs.Role id="109" uuid="69691c63-a662-11e6-91e9-0800270d80ce">
                                            <description>Will have full access for Programs app</description>
                                            <retired>false</retired>
                                            <role>Programs-App</role>
                                            <privileges id="110">
                                              <org.openmrs.Privilege reference="52"/>
                                              <org.openmrs.Privilege reference="73"/>
                                              <org.openmrs.Privilege reference="53"/>
                                              <org.openmrs.Privilege reference="74"/>
                                              <org.openmrs.Privilege reference="55"/>
                                              <org.openmrs.Privilege id="111" uuid="6bd13e4b-12b2-11e6-8c00-080027d2adbd">
                                                <description>Access to purge program attribute types</description>
                                                <retired>false</retired>
                                                <privilege>Purge Program Attribute Types</privilege>
                                              </org.openmrs.Privilege>
                                              <org.openmrs.Privilege reference="22"/>
                                              <org.openmrs.Privilege id="112" uuid="c2b5e700-b7fb-11e4-9c67-080027b662ec">
                                                <description>Bahmni clinical app retrospective access privilege</description>
                                                <retired>false</retired>
                                                <privilege>app:clinical:retrospective</privilege>
                                              </org.openmrs.Privilege>
                                              <org.openmrs.Privilege reference="56"/>
                                              <org.openmrs.Privilege reference="68"/>
                                              <org.openmrs.Privilege id="113" uuid="4d6f2a4d-3872-11e6-b6dd-080027ba5baf">
                                                <description>View On behalf of option</description>
                                                <retired>false</retired>
                                                <privilege>app:clinical:onbehalf</privilege>
                                              </org.openmrs.Privilege>
                                              <org.openmrs.Privilege id="114" uuid="6bd04709-12b2-11e6-8c00-080027d2adbd">
                                                <description>Access to only view program attributes</description>
                                                <retired>false</retired>
                                                <privilege>View Program Attribute Types</privilege>
                                              </org.openmrs.Privilege>
                                              <org.openmrs.Privilege reference="79"/>
                                              <org.openmrs.Privilege id="115" uuid="6bcf33aa-12b2-11e6-8c00-080027d2adbd">
                                                <description>Access to enter,edit and view program attributes</description>
                                                <retired>false</retired>
                                                <privilege>Manage Program Attribute Types</privilege>
                                              </org.openmrs.Privilege>
                                              <org.openmrs.Privilege id="116" uuid="81f78a84-3f10-11e4-adec-0800271c1b75">
                                                <description>Bahmni clinical app access privilege</description>
                                                <retired>false</retired>
                                                <privilege>app:clinical</privilege>
                                              </org.openmrs.Privilege>
                                              <org.openmrs.Privilege id="117" uuid="4eca6675-3f10-11e4-adec-0800271c1b75">
                                                <description>Able to see which programs that patients are in</description>
                                                <retired>false</retired>
                                                <privilege>View Patient Programs</privilege>
                                              </org.openmrs.Privilege>
                                              <org.openmrs.Privilege reference="58"/>
                                              <org.openmrs.Privilege id="118" uuid="4d6d6a5b-3872-11e6-b6dd-080027ba5baf">
                                                <description>View Location Picker option</description>
                                                <retired>false</retired>
                                                <privilege>app:clinical:locationpicker</privilege>
                                              </org.openmrs.Privilege>
                                            </privileges>
                                            <inheritedRoles id="119">
                                              <org.openmrs.Role reference="61"/>
                                              <org.openmrs.Role id="120" uuid="69772e75-a662-11e6-91e9-0800270d80ce">
                                                <description>Will have full access to Clinical app</description>
                                                <retired>false</retired>
                                                <role>Clinical-App</role>
                                                <privileges id="121">
                                                  <org.openmrs.Privilege id="122" uuid="88a21a25-facd-11e4-b248-005056820298">
                                                    <description>Bahmni delete diagnosis privilege</description>
                                                    <retired>false</retired>
                                                    <privilege>app:clinical:deleteDiagnosis</privilege>
                                                  </org.openmrs.Privilege>
                                                </privileges>
                                                <inheritedRoles id="123">
                                                  <org.openmrs.Role id="124" uuid="6973a984-a662-11e6-91e9-0800270d80ce">
                                                    <description>Will have read only access to Clinical app</description>
                                                    <retired>false</retired>
                                                    <role>Clinical-App-Read-Only</role>
                                                    <privileges id="125">
                                                      <org.openmrs.Privilege id="126" uuid="695f6c45-a662-11e6-91e9-0800270d80ce">
                                                        <description>View Treatment tab</description>
                                                        <retired>false</retired>
                                                        <privilege>app:clinical:treatmentTab</privilege>
                                                      </org.openmrs.Privilege>
                                                      <org.openmrs.Privilege id="127" uuid="c1a02e80-3f10-11e4-adec-0800271c1b75">
                                                        <description>View Disposition tab</description>
                                                        <retired>false</retired>
                                                        <privilege>app:clinical:dispositionTab</privilege>
                                                      </org.openmrs.Privilege>
                                                      <org.openmrs.Privilege id="128" uuid="695f7fe4-a662-11e6-91e9-0800270d80ce">
                                                        <description>View Orders tab</description>
                                                        <retired>false</retired>
                                                        <privilege>app:clinical:ordersTab</privilege>
                                                      </org.openmrs.Privilege>
                                                      <org.openmrs.Privilege id="129" uuid="a3a799f4-c70d-11e7-aa2b-8e7070d6a3d1">
                                                        <description>Privilege to view conditions</description>
                                                        <retired>false</retired>
                                                        <privilege>Get conditions</privilege>
                                                      </org.openmrs.Privilege>
                                                      <org.openmrs.Privilege id="130" uuid="d05118c6-2490-4d78-a41a-390e3596a240">
                                                        <description>Able to get forms</description>
                                                        <retired>false</retired>
                                                        <privilege>Get Forms</privilege>
                                                      </org.openmrs.Privilege>
                                                      <org.openmrs.Privilege id="131" uuid="c1a0029f-3f10-11e4-adec-0800271c1b75">
                                                        <description>View and Edit Diagnosis tab</description>
                                                        <retired>false</retired>
                                                        <privilege>app:clinical:diagnosisTab</privilege>
                                                      </org.openmrs.Privilege>
                                                      <org.openmrs.Privilege id="132" uuid="c1a07d47-3f10-11e4-adec-0800271c1b75">
                                                        <description>View Disposition tab</description>
                                                        <retired>false</retired>
                                                        <privilege>app:clinical:consultationTab</privilege>
                                                      </org.openmrs.Privilege>
                                                      <org.openmrs.Privilege id="133" uuid="c19fe914-3f10-11e4-adec-0800271c1b75">
                                                        <description>JSS observation history view and edit</description>
                                                        <retired>false</retired>
                                                        <privilege>app:clinical:history</privilege>
                                                      </org.openmrs.Privilege>
                                                      <org.openmrs.Privilege id="134" uuid="c1a0551f-3f10-11e4-adec-0800271c1b75">
                                                        <description>View Disposition tab</description>
                                                        <retired>false</retired>
                                                        <privilege>app:clinical:observationTab</privilege>
                                                      </org.openmrs.Privilege>
                                                      <org.openmrs.Privilege id="135" uuid="695f8ffc-a662-11e6-91e9-0800270d80ce">
                                                        <description>View Bacteriology tab</description>
                                                        <retired>false</retired>
                                                        <privilege>app:clinical:bacteriologyTab</privilege>
                                                      </org.openmrs.Privilege>
                                                    </privileges>
                                                    <inheritedRoles id="136">
                                                      <org.openmrs.Role id="137" uuid="69714cb9-a662-11e6-91e9-0800270d80ce">
                                                        <description>Will have common privileges used by other Clinical roles and used internally, should not be assigned to user directly.</description>
                                                        <retired>false</retired>
                                                        <role>Clinical-App-Common</role>
                                                        <privileges id="138">
                                                          <org.openmrs.Privilege reference="52"/>
                                                          <org.openmrs.Privilege id="139" uuid="4eca6480-3f10-11e4-adec-0800271c1b75">
                                                            <description>Able to view order types</description>
                                                            <retired>false</retired>
                                                            <privilege>View Order Types</privilege>
                                                          </org.openmrs.Privilege>
                                                          <org.openmrs.Privilege id="140" uuid="d05118c6-2490-4d78-a41a-390e3596a236">
                                                            <description>Able to get user privileges</description>
                                                            <retired>false</retired>
                                                            <privilege>Get Privileges</privilege>
                                                          </org.openmrs.Privilege>
                                                          <org.openmrs.Privilege reference="55"/>
                                                          <org.openmrs.Privilege id="141" uuid="d05118c6-2490-4d78-a41a-390e3596a233">
                                                            <description>Able to get order types</description>
                                                            <retired>false</retired>
                                                            <privilege>Get Order Types</privilege>
                                                          </org.openmrs.Privilege>
                                                          <org.openmrs.Privilege reference="23"/>
                                                          <org.openmrs.Privilege reference="112"/>
                                                          <org.openmrs.Privilege reference="56"/>
                                                          <org.openmrs.Privilege reference="99"/>
                                                          <org.openmrs.Privilege reference="113"/>
                                                          <org.openmrs.Privilege reference="114"/>
                                                          <org.openmrs.Privilege reference="133"/>
                                                          <org.openmrs.Privilege reference="69"/>
                                                          <org.openmrs.Privilege reference="98"/>
                                                          <org.openmrs.Privilege id="142" uuid="4eca5f2d-3f10-11e4-adec-0800271c1b75">
                                                            <description>Able to view concept entries</description>
                                                            <retired>false</retired>
                                                            <privilege>View Concepts</privilege>
                                                          </org.openmrs.Privilege>
                                                          <org.openmrs.Privilege reference="72"/>
                                                          <org.openmrs.Privilege id="143" uuid="d05118c6-2490-4d78-a41a-390e3596a241">
                                                            <description>Able to get orders</description>
                                                            <retired>false</retired>
                                                            <privilege>Get Orders</privilege>
                                                          </org.openmrs.Privilege>
                                                          <org.openmrs.Privilege reference="118"/>
                                                          <org.openmrs.Privilege id="144" uuid="6f5fde61-3f10-11e4-adec-0800271c1b75">
                                                            <description>Able to view visits</description>
                                                            <retired>false</retired>
                                                            <privilege>View Visits</privilege>
                                                          </org.openmrs.Privilege>
                                                          <org.openmrs.Privilege reference="51"/>
                                                          <org.openmrs.Privilege id="145" uuid="4eca60a1-3f10-11e4-adec-0800271c1b75">
                                                            <description>Able to view patient encounters</description>
                                                            <retired>false</retired>
                                                            <privilege>View Encounters</privilege>
                                                          </org.openmrs.Privilege>
                                                          <org.openmrs.Privilege reference="73"/>
                                                          <org.openmrs.Privilege reference="53"/>
                                                          <org.openmrs.Privilege reference="22"/>
                                                          <org.openmrs.Privilege reference="37"/>
                                                          <org.openmrs.Privilege id="146" uuid="4eca6405-3f10-11e4-adec-0800271c1b75">
                                                            <description>Able to view patient observations</description>
                                                            <retired>false</retired>
                                                            <privilege>View Observations</privilege>
                                                          </org.openmrs.Privilege>
                                                          <org.openmrs.Privilege reference="76"/>
                                                          <org.openmrs.Privilege reference="57"/>
                                                          <org.openmrs.Privilege reference="116"/>
                                                          <org.openmrs.Privilege id="147" uuid="4eca64fa-3f10-11e4-adec-0800271c1b75">
                                                            <description>Able to view orders</description>
                                                            <retired>false</retired>
                                                            <privilege>View Orders</privilege>
                                                          </org.openmrs.Privilege>
                                                          <org.openmrs.Privilege reference="117"/>
                                                          <org.openmrs.Privilege id="148" uuid="6f5fbaeb-3f10-11e4-adec-0800271c1b75">
                                                            <description>Able to view visit types</description>
                                                            <retired>false</retired>
                                                            <privilege>View Visit Types</privilege>
                                                          </org.openmrs.Privilege>
                                                          <org.openmrs.Privilege id="149" uuid="4eca6cc8-3f10-11e4-adec-0800271c1b75">
                                                            <description>Able to view users in OpenMRS</description>
                                                            <retired>false</retired>
                                                            <privilege>View Users</privilege>
                                                          </org.openmrs.Privilege>
                                                          <org.openmrs.Privilege reference="58"/>
                                                          <org.openmrs.Privilege id="150" uuid="6f5f2a87-3f10-11e4-adec-0800271c1b75">
                                                            <description>Able to view Provider</description>
                                                            <retired>false</retired>
                                                            <privilege>View Providers</privilege>
                                                          </org.openmrs.Privilege>
                                                        </privileges>
                                                        <inheritedRoles id="151">
                                                          <org.openmrs.Role reference="61"/>
                                                        </inheritedRoles>
                                                        <childRoles id="152">
                                                          <org.openmrs.Role id="153" uuid="69752af3-a662-11e6-91e9-0800270d80ce">
                                                            <description>Will have full access for Diagnosis tab in Clinical app</description>
                                                            <retired>false</retired>
                                                            <role>Clinical-App-Diagnosis</role>
                                                            <privileges id="154">
                                                              <org.openmrs.Privilege reference="131"/>
                                                            </privileges>
                                                            <inheritedRoles id="155">
                                                              <org.openmrs.Role id="156" uuid="69745da0-a662-11e6-91e9-0800270d80ce">
                                                                <description>Will have save privileges used by other Clinical roles and used internally, should not be assigned to user directly.</description>
                                                                <retired>false</retired>
                                                                <role>Clinical-App-Save</role>
                                                                <privileges id="157">
                                                                  <org.openmrs.Privilege reference="34"/>
                                                                  <org.openmrs.Privilege reference="35"/>
                                                                  <org.openmrs.Privilege reference="36"/>
                                                                  <org.openmrs.Privilege reference="37"/>
                                                                  <org.openmrs.Privilege reference="38"/>
                                                                  <org.openmrs.Privilege id="158" uuid="a3a6c697-c70d-11e7-aa2b-8e7070d6a3d1">
                                                                    <description>Privilege to add or edit conditions</description>
                                                                    <retired>false</retired>
                                                                    <privilege>Edit conditions</privilege>
                                                                  </org.openmrs.Privilege>
                                                                  <org.openmrs.Privilege reference="39"/>
                                                                  <org.openmrs.Privilege reference="75"/>
                                                                  <org.openmrs.Privilege reference="41"/>
                                                                  <org.openmrs.Privilege reference="42"/>
                                                                  <org.openmrs.Privilege reference="78"/>
                                                                  <org.openmrs.Privilege reference="46"/>
                                                                </privileges>
                                                                <inheritedRoles id="159"/>
                                                                <childRoles id="160">
                                                                  <org.openmrs.Role reference="153"/>
                                                                  <org.openmrs.Role id="161" uuid="6975792d-a662-11e6-91e9-0800270d80ce">
                                                                    <description>Will have full access for Disposition tab in Clinical app</description>
                                                                    <retired>false</retired>
                                                                    <role>Clinical-App-Disposition</role>
                                                                    <privileges id="162">
                                                                      <org.openmrs.Privilege reference="127"/>
                                                                    </privileges>
                                                                    <inheritedRoles id="163">
                                                                      <org.openmrs.Role reference="156"/>
                                                                      <org.openmrs.Role reference="137"/>
                                                                    </inheritedRoles>
                                                                    <childRoles id="164"/>
                                                                  </org.openmrs.Role>
                                                                  <org.openmrs.Role id="165" uuid="6975d9d1-a662-11e6-91e9-0800270d80ce">
                                                                    <description>Will have full access for Observations tab in Clinical app</description>
                                                                    <retired>false</retired>
                                                                    <role>Clinical-App-Observations</role>
                                                                    <privileges id="166">
                                                                      <org.openmrs.Privilege reference="134"/>
                                                                    </privileges>
                                                                    <inheritedRoles id="167">
                                                                      <org.openmrs.Role reference="156"/>
                                                                      <org.openmrs.Role reference="137"/>
                                                                    </inheritedRoles>
                                                                    <childRoles id="168"/>
                                                                  </org.openmrs.Role>
                                                                  <org.openmrs.Role id="169" uuid="69769bec-a662-11e6-91e9-0800270d80ce">
                                                                    <description>Will have full access for Orders tab in Clinical app</description>
                                                                    <retired>false</retired>
                                                                    <role>Clinical-App-Orders</role>
                                                                    <privileges id="170">
                                                                      <org.openmrs.Privilege reference="128"/>
                                                                    </privileges>
                                                                    <inheritedRoles id="171">
                                                                      <org.openmrs.Role reference="156"/>
                                                                      <org.openmrs.Role reference="137"/>
                                                                    </inheritedRoles>
                                                                    <childRoles id="172"/>
                                                                  </org.openmrs.Role>
                                                                  <org.openmrs.Role id="173" uuid="69764e5f-a662-11e6-91e9-0800270d80ce">
                                                                    <description>Will have full access for Treatment tab in Clinical app</description>
                                                                    <retired>false</retired>
                                                                    <role>Clinical-App-Treatment</role>
                                                                    <privileges id="174">
                                                                      <org.openmrs.Privilege reference="126"/>
                                                                    </privileges>
                                                                    <inheritedRoles id="175">
                                                                      <org.openmrs.Role reference="156"/>
                                                                      <org.openmrs.Role reference="137"/>
                                                                    </inheritedRoles>
                                                                    <childRoles id="176"/>
                                                                  </org.openmrs.Role>
                                                                  <org.openmrs.Role id="177" uuid="6976e4dd-a662-11e6-91e9-0800270d80ce">
                                                                    <description>Will have full access for Bacteriology tab in Clinical app</description>
                                                                    <retired>false</retired>
                                                                    <role>Clinical-App-Bacteriology</role>
                                                                    <privileges id="178">
                                                                      <org.openmrs.Privilege reference="135"/>
                                                                    </privileges>
                                                                    <inheritedRoles id="179">
                                                                      <org.openmrs.Role reference="156"/>
                                                                      <org.openmrs.Role reference="137"/>
                                                                    </inheritedRoles>
                                                                    <childRoles id="180"/>
                                                                  </org.openmrs.Role>
                                                                  <org.openmrs.Role reference="120"/>
                                                                </childRoles>
                                                              </org.openmrs.Role>
                                                              <org.openmrs.Role reference="137"/>
                                                            </inheritedRoles>
                                                            <childRoles id="181"/>
                                                          </org.openmrs.Role>
                                                          <org.openmrs.Role reference="124"/>
                                                          <org.openmrs.Role reference="161"/>
                                                          <org.openmrs.Role reference="165"/>
                                                          <org.openmrs.Role reference="169"/>
                                                          <org.openmrs.Role reference="173"/>
                                                          <org.openmrs.Role reference="177"/>
                                                        </childRoles>
                                                      </org.openmrs.Role>
                                                    </inheritedRoles>
                                                    <childRoles id="182">
                                                      <org.openmrs.Role reference="120"/>
                                                    </childRoles>
                                                  </org.openmrs.Role>
                                                  <org.openmrs.Role reference="156"/>
                                                </inheritedRoles>
                                                <childRoles id="183">
                                                  <org.openmrs.Role reference="109"/>
                                                  <org.openmrs.Role reference="83"/>
                                                </childRoles>
                                              </org.openmrs.Role>
                                            </inheritedRoles>
                                            <childRoles id="184">
                                              <org.openmrs.Role reference="83"/>
                                            </childRoles>
                                          </org.openmrs.Role>
                                          <org.openmrs.Role reference="31"/>
                                          <org.openmrs.Role id="185" uuid="696bc88b-a662-11e6-91e9-0800270d80ce">
                                            <description>Will have full access for Patient Documents app</description>
                                            <retired>false</retired>
                                            <role>PatientDocuments-App</role>
                                            <privileges id="186">
                                              <org.openmrs.Privilege reference="51"/>
                                              <org.openmrs.Privilege reference="52"/>
                                              <org.openmrs.Privilege reference="34"/>
                                              <org.openmrs.Privilege reference="55"/>
                                              <org.openmrs.Privilege reference="35"/>
                                              <org.openmrs.Privilege reference="36"/>
                                              <org.openmrs.Privilege reference="22"/>
                                              <org.openmrs.Privilege reference="23"/>
                                              <org.openmrs.Privilege reference="37"/>
                                              <org.openmrs.Privilege reference="56"/>
                                              <org.openmrs.Privilege reference="38"/>
                                              <org.openmrs.Privilege reference="39"/>
                                              <org.openmrs.Privilege reference="41"/>
                                              <org.openmrs.Privilege reference="42"/>
                                              <org.openmrs.Privilege reference="46"/>
                                              <org.openmrs.Privilege id="187" uuid="69613641-a662-11e6-91e9-0800270d80ce">
                                                <description>Will give access to patient documents app</description>
                                                <retired>false</retired>
                                                <privilege>app:patient-documents</privilege>
                                              </org.openmrs.Privilege>
                                              <org.openmrs.Privilege reference="58"/>
                                            </privileges>
                                            <inheritedRoles id="188">
                                              <org.openmrs.Role reference="61"/>
                                            </inheritedRoles>
                                            <childRoles id="189">
                                              <org.openmrs.Role reference="83"/>
                                            </childRoles>
                                          </org.openmrs.Role>
                                          <org.openmrs.Role id="190" uuid="696a7030-a662-11e6-91e9-0800270d80ce">
                                            <description>Will have full access for Reports app</description>
                                            <retired>false</retired>
                                            <role>Reports-App</role>
                                            <privileges id="191">
                                              <org.openmrs.Privilege reference="52"/>
                                              <org.openmrs.Privilege id="192" uuid="064a48bf-99a5-11e5-bbf3-080027b662ec">
                                                <description>View Reports</description>
                                                <retired>false</retired>
                                                <privilege>app:reports</privilege>
                                              </org.openmrs.Privilege>
                                              <org.openmrs.Privilege reference="56"/>
                                              <org.openmrs.Privilege reference="58"/>
                                            </privileges>
                                            <inheritedRoles id="193">
                                              <org.openmrs.Role reference="61"/>
                                            </inheritedRoles>
                                            <childRoles id="194">
                                              <org.openmrs.Role reference="28"/>
                                              <org.openmrs.Role reference="83"/>
                                            </childRoles>
                                          </org.openmrs.Role>
                                          <org.openmrs.Role id="195" uuid="696ac7b8-a662-11e6-91e9-0800270d80ce">
                                            <description>Will have full access for OrdersFulfillment app</description>
                                            <retired>false</retired>
                                            <role>OrderFulfillment-App</role>
                                            <privileges id="196">
                                              <org.openmrs.Privilege reference="51"/>
                                              <org.openmrs.Privilege reference="52"/>
                                              <org.openmrs.Privilege reference="34"/>
                                              <org.openmrs.Privilege reference="55"/>
                                              <org.openmrs.Privilege reference="35"/>
                                              <org.openmrs.Privilege reference="36"/>
                                              <org.openmrs.Privilege reference="22"/>
                                              <org.openmrs.Privilege reference="23"/>
                                              <org.openmrs.Privilege reference="37"/>
                                              <org.openmrs.Privilege reference="56"/>
                                              <org.openmrs.Privilege reference="38"/>
                                              <org.openmrs.Privilege reference="39"/>
                                              <org.openmrs.Privilege reference="41"/>
                                              <org.openmrs.Privilege reference="42"/>
                                              <org.openmrs.Privilege id="197" uuid="5c7682a8-f478-11e4-b248-005056820298">
                                                <description>Bahmni Orders App Access Privilege</description>
                                                <retired>false</retired>
                                                <privilege>app:orders</privilege>
                                              </org.openmrs.Privilege>
                                              <org.openmrs.Privilege reference="46"/>
                                              <org.openmrs.Privilege reference="58"/>
                                              <org.openmrs.Privilege reference="143"/>
                                            </privileges>
                                            <inheritedRoles id="198">
                                              <org.openmrs.Role reference="61"/>
                                            </inheritedRoles>
                                            <childRoles id="199">
                                              <org.openmrs.Role reference="83"/>
                                            </childRoles>
                                          </org.openmrs.Role>
                                          <org.openmrs.Role reference="120"/>
                                        </inheritedRoles>
                                        <childRoles id="200"/>
                                      </org.openmrs.Role>
                                    </childRoles>
                                  </org.openmrs.Role>
                                  <org.openmrs.Role reference="49"/>
                                  <org.openmrs.Role reference="86"/>
                                  <org.openmrs.Role reference="96"/>
                                  <org.openmrs.Role reference="104"/>
                                  <org.openmrs.Role reference="109"/>
                                  <org.openmrs.Role reference="185"/>
                                  <org.openmrs.Role reference="190"/>
                                  <org.openmrs.Role reference="195"/>
                                  <org.openmrs.Role reference="137"/>
                                </childRoles>
                              </org.openmrs.Role>
                            </inheritedRoles>
                            <childRoles id="201">
                              <org.openmrs.Role reference="31"/>
                            </childRoles>
                          </org.openmrs.Role>
                        </inheritedRoles>
                        <childRoles id="202">
                          <org.openmrs.Role reference="28"/>
                          <org.openmrs.Role reference="83"/>
                        </childRoles>
                      </org.openmrs.Role>
                      <org.openmrs.Role reference="190"/>
                    </inheritedRoles>
                    <childRoles id="203"/>
                  </org.openmrs.Role>
                  <org.openmrs.Role reference="2"/>
                </childRoles>
              </org.openmrs.Role>
            </inheritedRoles>
            <childRoles id="204">
              <org.openmrs.Role reference="7"/>
              <org.openmrs.Role reference="2"/>
            </childRoles>
          </org.openmrs.Role>
        </inheritedRoles>
        <childRoles id="205">
          <org.openmrs.Role reference="28"/>
          <org.openmrs.Role reference="2"/>
        </childRoles>
      </org.openmrs.Role>
      <org.openmrs.Role reference="12"/>
      <org.openmrs.Role reference="17"/>
    </inheritedRoles>
    <childRoles id="206"/>
  </org.openmrs.Role>
</list>
