<?xml version="1.0" encoding="UTF-8"?>
<list id="1">
  <org.openmrs.ProviderAttributeType id="2" uuid="7a7cc452-32e9-49b4-b972-2ff25dbcc5b6">
    <name>Clinical</name>
    <creator/>
    <dateCreated id="3">2019-06-19 10:00:46</dateCreated>
    <retired>false</retired>
    <minOccurs>0</minOccurs>
    <datatypeClassname>org.openmrs.customdatatype.datatype.BooleanDatatype</datatypeClassname>
    <providerAttributeTypeId>3</providerAttributeTypeId>
  </org.openmrs.ProviderAttributeType>
  <org.openmrs.ProviderAttributeType id="4" uuid="aaabb799-b57f-11e8-bd05-080027405b36">
    <name>Available for appointments</name>
    <description>providers will be available for appointments</description>
    <creator/>
    <dateCreated id="5">2018-09-11 05:00:56</dateCreated>
    <retired>false</retired>
    <minOccurs>0</minOccurs>
    <datatypeClassname>org.openmrs.customdatatype.datatype.BooleanDatatype</datatypeClassname>
    <providerAttributeTypeId>1</providerAttributeTypeId>
  </org.openmrs.ProviderAttributeType>
  <org.openmrs.ProviderAttributeType id="6" uuid="5937c130-90c6-4711-8553-f9b33a02908c">
    <name>APSS</name>
    <creator/>
    <dateCreated id="7">2019-06-19 10:00:35</dateCreated>
    <retired>false</retired>
    <minOccurs>0</minOccurs>
    <datatypeClassname>org.openmrs.customdatatype.datatype.BooleanDatatype</datatypeClassname>
    <providerAttributeTypeId>2</providerAttributeTypeId>
  </org.openmrs.ProviderAttributeType>
</list>
